Molecule1,Representation1,Molecule2,Representation2,Same,Probability
BCl3,Lewis,BCl3,SF,1,0.0030571159452
BCl3,Lewis,C2HF,SF,0,0.000107604937906
BCl3,Lewis,CaCl2,SF,0,3.42394357003e-05
BCl3,Lewis,CH3-,SF,0,0.000218883104031
BCl3,Lewis,CH3Br,SF,0,5.67823235326e-05
BCl3,Lewis,CH3Cl,SF,0,5.74756967773e-05
BCl3,Lewis,CH3F,SF,0,6.59612657822e-05
BCl3,Lewis,CH4,SF,0,0.000115760329138
BCl3,Lewis,HClO2,SF,0,0.000162662082555
BCl3,Lewis,HCO3-,SF,0,5.91265856428e-05
BCl3,Lewis,HNO3,SF,0,0.000114645979252
BCl3,Lewis,NF3,SF,0,0.00018074757045
BCl3,Lewis,NH2-,SF,0,0.000168770371751
BCl3,Lewis,NH3,SF,0,0.000170413005995
BCl3,Lewis,NH4+,SF,0,0.000114588198083
BCl3,Lewis,NO3-,SF,0,0.000115116482441
BCl3,Lewis,O3,SF,0,1.21010156597e-05
BCl3,Lewis,OCN-,SF,0,7.13184021405e-06
BCl3,Lewis,PBr3,SF,0,0.000159616192578
BCl3,Lewis,PO4(3-),SF,0,0.000141233545002
BCl3,Lewis,SO2,SF,0,8.49795058277e-05
BCl3,Lewis,SO3,SF,0,0.000125649153876
BCl3,Lewis,SO3(2-),SF,0,0.000196414506217
BCl3,Lewis,SO4(2-),SF,0,0.000153813318078
BrF5,Lewis,BrF5,SF,1,0.00258666077962
BrF5,Lewis,C2H3Cl,SF,0,4.84467102696e-05
BrF5,Lewis,C2H3OH,SF,0,4.91620953789e-05
BrF5,Lewis,C2H6,SF,0,9.30688612685e-05
BrF5,Lewis,C3H3+,SF,0,8.70431168438e-05
BrF5,Lewis,C3H3F,SF,0,4.6754549281e-05
BrF5,Lewis,C3H3OH,SF,0,6.3772462101e-05
BrF5,Lewis,C4H3Cl,SF,0,5.64053695702e-06
BrF5,Lewis,CH3Br,SF,0,4.63280696902e-05
BrF5,Lewis,CH3Cl,SF,0,4.69058807275e-05
BrF5,Lewis,CH3COOH,SF,0,9.5345712474e-05
BrF5,Lewis,CH3F,SF,0,5.39771882316e-05
BrF5,Lewis,CH3NH2,SF,0,6.55196529155e-05
BrF5,Lewis,CH4,SF,0,9.54764076948e-05
BrF5,Lewis,HCO3-,SF,0,4.82816214487e-05
BrF5,Lewis,HNO3,SF,0,9.454778279e-05
BrF5,Lewis,NH4+,SF,0,9.44996318156e-05
BrF5,Lewis,PO4(3-),SF,0,0.000116704087253
BrF5,Lewis,SF6,SF,0,0.000103730852022
BrF5,Lewis,SO4(2-),SF,0,0.000127187231812
C2H3Cl,Lewis,BrF5,SF,0,2.39542067444e-05
C2H3Cl,Lewis,C2H3Cl,SF,1,0.00127648402447
C2H3Cl,Lewis,C2H3OH,SF,0,2.30699111808e-05
C2H3Cl,Lewis,C2H6,SF,0,4.19020058163e-06
C2H3Cl,Lewis,C3H3+,SF,0,4.1799971794e-05
C2H3Cl,Lewis,C3H3F,SF,0,2.18795132256e-05
C2H3Cl,Lewis,C3H3OH,SF,0,3.02939258378e-05
C2H3Cl,Lewis,C4H3Cl,SF,0,4.21400854723e-05
C2H3Cl,Lewis,CH3Br,SF,0,2.16686427613e-05
C2H3Cl,Lewis,CH3Cl,SF,0,2.19543383809e-05
C2H3Cl,Lewis,CH3COOH,SF,0,4.59051439155e-05
C2H3Cl,Lewis,CH3F,SF,0,2.54507069289e-05
C2H3Cl,Lewis,CH3NH2,SF,0,3.11578146294e-05
C2H3Cl,Lewis,CH4,SF,0,5.38059853687e-06
C2H3Cl,Lewis,HCO3-,SF,0,2.26345657375e-05
C2H3Cl,Lewis,HNO3,SF,0,4.55106120162e-05
C2H3Cl,Lewis,NH4+,SF,0,4.89763712992e-06
C2H3Cl,Lewis,PO4(3-),SF,0,1.58765067629e-05
C2H3Cl,Lewis,SF6,SF,0,9.4619626765e-06
C2H3Cl,Lewis,SO4(2-),SF,0,2.10598393502e-05
C2H3OH,Lewis,BrF5,SF,0,5.18577821862e-06
C2H3OH,Lewis,C2H3Cl,SF,0,5.60327740689e-05
C2H3OH,Lewis,C2H3OH,SF,1,0.00162408023474
C2H3OH,Lewis,C2H6,SF,0,5.87135571998e-06
C2H3OH,Lewis,C3H3+,SF,0,2.82449128333e-05
C2H3OH,Lewis,C3H3F,SF,0,5.49516712151e-05
C2H3OH,Lewis,C3H3OH,SF,0,3.96008883544e-05
C2H3OH,Lewis,C3H5Cl,SF,0,2.98709620406e-05
C2H3OH,Lewis,C3H5F,SF,0,2.98182252291e-05
C2H3OH,Lewis,C3H6,SF,0,3.11146705704e-06
C2H3OH,Lewis,C4H3Cl,SF,0,5.49077238372e-05
C2H3OH,Lewis,C4H5Cl,SF,0,2.8921700901e-05
C2H3OH,Lewis,C4H5F,SF,0,2.88513852222e-05
C2H3OH,Lewis,C4H6,SF,0,2.0215745598e-06
C2H3OH,Lewis,CH3Br,SF,0,2.84558598697e-05
C2H3OH,Lewis,CH3Cl,SF,0,2.88250169213e-05
C2H3OH,Lewis,CH3COOH,SF,0,5.9772686994e-05
C2H3OH,Lewis,CH3F,SF,0,3.33427967156e-05
C2H3OH,Lewis,CH3NH2,SF,0,6.6940487426e-05
C2H3OH,Lewis,CH4,SF,0,7.40951038125e-06
C2H3OH,Lewis,H3COCH3,SF,0,3.37998483133e-05
C2H3OH,Lewis,HCO3-,SF,0,2.97039623821e-05
C2H3OH,Lewis,HNO3,SF,0,5.92628987946e-05
C2H3OH,Lewis,NH4+,SF,0,6.78545912507e-06
C2H3OH,Lewis,PO4(3-),SF,0,2.0971638988e-05
C2H3OH,Lewis,SF6,SF,0,3.89065214194e-05
C2H3OH,Lewis,SO4(2-),SF,0,2.7669203567e-05
C2H6,Lewis,BrF5,SF,0,0.00011323378121
C2H6,Lewis,C2H3Cl,SF,0,1.03107182851e-05
C2H6,Lewis,C2H3OH,SF,0,6.11194607354e-05
C2H6,Lewis,C2H6,SF,1,0.00314971510418
C2H6,Lewis,C3H3+,SF,0,5.72696796172e-05
C2H6,Lewis,C3H3F,SF,0,5.81902796495e-05
C2H6,Lewis,C3H3OH,SF,0,0.000128833764148
C2H6,Lewis,C3H5Cl,SF,0,6.03662428903e-05
C2H6,Lewis,C3H5F,SF,0,6.02658136578e-05
C2H6,Lewis,C3H6,SF,0,0.000109283571259
C2H6,Lewis,C3H7F,SF,0,6.38310460165e-05
C2H6,Lewis,C3H7Li,SF,0,6.64924164817e-05
C2H6,Lewis,C4H3Cl,SF,0,5.81065885559e-05
C2H6,Lewis,C4H5Cl,SF,0,5.85585195027e-05
C2H6,Lewis,C4H5F,SF,0,5.84246139926e-05
C2H6,Lewis,C4H6,SF,0,0.000107208036851
C2H6,Lewis,CH3COOH,SF,0,0.000167247885035
C2H6,Lewis,CH3NH2,SF,0,8.10211557382e-05
C2H6,Lewis,H3COCH3,SF,0,6.78482089225e-05
C2H6,Lewis,SF6,SF,0,0.000127511447985
C2HF,Lewis,BCl3,SF,0,1.60734478314e-05
C2HF,Lewis,C2HF,SF,1,0.000866410881027
C2HF,Lewis,CaCl2,SF,0,8.008301481e-06
C2HF,Lewis,CH3-,SF,0,3.17353390643e-05
C2HF,Lewis,CH3Br,SF,0,1.4218032157e-05
C2HF,Lewis,CH3Cl,SF,0,1.4409030914e-05
C2HF,Lewis,CH3F,SF,0,1.6746490786e-05
C2HF,Lewis,CH4,SF,0,3.32883405196e-06
C2HF,Lewis,HClO2,SF,0,4.33839844036e-05
C2HF,Lewis,HCO3-,SF,0,1.48637896524e-05
C2HF,Lewis,HNO3,SF,0,3.01573262095e-05
C2HF,Lewis,NF3,SF,0,2.12304120986e-05
C2HF,Lewis,NH2-,SF,0,1.79311373484e-05
C2HF,Lewis,NH3,SF,0,1.83836223528e-05
C2HF,Lewis,NH4+,SF,0,3.00595535854e-06
C2HF,Lewis,NO3-,SF,0,1.67192053268e-05
C2HF,Lewis,O3,SF,0,1.9099867013e-06
C2HF,Lewis,OCN-,SF,0,2.76766172969e-05
C2HF,Lewis,PBr3,SF,0,1.54095001385e-05
C2HF,Lewis,PO4(3-),SF,0,1.03457614615e-05
C2HF,Lewis,SO2,SF,0,8.41758434556e-06
C2HF,Lewis,SO3,SF,0,1.96205660995e-05
C2HF,Lewis,SO3(2-),SF,0,2.55460725369e-05
C2HF,Lewis,SO4(2-),SF,0,1.3811023135e-05
C3H3F,Lewis,BrF5,SF,0,7.14305614015e-06
C3H3F,Lewis,C2H3Cl,SF,0,6.76052374947e-06
C3H3F,Lewis,C2H3OH,SF,0,1.94114153125e-05
C3H3F,Lewis,C2H6,SF,0,7.30699858613e-06
C3H3F,Lewis,C3H3+,SF,0,1.15600460686e-07
C3H3F,Lewis,C3H3F,SF,1,0.000393902171802
C3H3F,Lewis,C3H3OH,SF,0,1.537275639e-05
C3H3F,Lewis,C3H5Cl,SF,0,1.304603483e-05
C3H3F,Lewis,C3H5F,SF,0,1.30334239035e-05
C3H3F,Lewis,C3H6,SF,0,6.64702516004e-06
C3H3F,Lewis,C4H3Cl,SF,0,6.49149004857e-06
C3H3F,Lewis,C4H5Cl,SF,0,1.2819037601e-05
C3H3F,Lewis,C4H5F,SF,0,1.28022229821e-05
C3H3F,Lewis,C4H6,SF,0,6.38639874347e-06
C3H3F,Lewis,CH3Br,SF,0,1.27076408326e-05
C3H3F,Lewis,CH3Cl,SF,0,1.27959175189e-05
C3H3F,Lewis,CH3COOH,SF,0,2.01964473691e-05
C3H3F,Lewis,CH3F,SF,0,1.38762561653e-05
C3H3F,Lewis,CH3NH2,SF,0,2.19104865526e-05
C3H3F,Lewis,CH4,SF,0,7.67481812887e-06
C3H3F,Lewis,H3COCH3,SF,0,1.39855511126e-05
C3H3F,Lewis,HCO3-,SF,0,1.30061001291e-05
C3H3F,Lewis,HNO3,SF,0,2.00745414451e-05
C3H3F,Lewis,NH4+,SF,0,7.52558848066e-06
C3H3F,Lewis,PO4(3-),SF,0,1.09179358893e-05
C3H3F,Lewis,SF6,SF,0,1.52067121229e-05
C3H3F,Lewis,SO4(2-),SF,0,1.25195273689e-05
C3H3OH,Lewis,BrF5,SF,0,0.000228872280651
C3H3OH,Lewis,C2H3Cl,SF,0,0.000219886248216
C3H3OH,Lewis,C2H3OH,SF,0,0.000369760438275
C3H3OH,Lewis,C2H6,SF,0,0.000380030190135
C3H3OH,Lewis,C3H3+,SF,0,6.37909581448e-05
C3H3OH,Lewis,C3H3F,SF,0,0.000361120022835
C3H3OH,Lewis,C3H3OH,SF,1,0.00937527090616
C3H3OH,Lewis,C3H5Cl,SF,0,0.000367538617599
C3H3OH,Lewis,C3H5F,SF,0,0.000367242374293
C3H3OH,Lewis,C3H6,SF,0,0.00021722006317
C3H3OH,Lewis,C3H7F,SF,0,0.000377758995771
C3H3OH,Lewis,C3H7Li,SF,0,0.000385609431024
C3H3OH,Lewis,C4H3Cl,SF,0,0.000360873153216
C3H3OH,Lewis,C4H5Cl,SF,0,0.000362206246328
C3H3OH,Lewis,C4H5F,SF,0,0.000361811255645
C3H3OH,Lewis,C4H6,SF,0,0.000211097710533
C3H3OH,Lewis,CH3COOH,SF,0,0.000682815059726
C3H3OH,Lewis,CH3NH2,SF,0,0.000428465894767
C3H3OH,Lewis,H3COCH3,SF,0,0.000389608709183
C3H3OH,Lewis,SF6,SF,0,0.000270988137895
C3H5Cl,Lewis,C2H3OH,SF,0,4.51193285135e-05
C3H5Cl,Lewis,C2H6,SF,0,2.54971573852e-05
C3H5Cl,Lewis,C3H3F,SF,0,4.38821171555e-05
C3H5Cl,Lewis,C3H3OH,SF,0,5.26274336346e-05
C3H5Cl,Lewis,C3H5Cl,SF,1,0.00132678181125
C3H5Cl,Lewis,C3H5F,SF,0,6.58514549494e-05
C3H5Cl,Lewis,C3H6,SF,0,4.43699319032e-05
C3H5Cl,Lewis,C3H7F,SF,0,4.62646326302e-05
C3H5Cl,Lewis,C3H7Li,SF,0,4.73887274614e-05
C3H5Cl,Lewis,C3H7OH,SF,0,4.41649083038e-05
C3H5Cl,Lewis,C3H8O,SF,0,4.37407215814e-05
C3H5Cl,Lewis,C4H3Cl,SF,0,2.27540832134e-05
C3H5Cl,Lewis,C4H5Cl,SF,0,4.40376522533e-05
C3H5Cl,Lewis,C4H5F,SF,0,4.39810941587e-05
C3H5Cl,Lewis,C4H6,SF,0,2.24005942781e-05
C3H5Cl,Lewis,C4H7F,SF,0,4.41507687801e-05
C3H5Cl,Lewis,C4H8(CIS),SF,0,2.58152973426e-05
C3H5Cl,Lewis,C6H6,SF,0,6.88596456117e-06
C3H5Cl,Lewis,CH3COOH,SF,0,6.88525760186e-05
C3H5Cl,Lewis,CH3NH2,SF,0,5.35252955809e-05
C3H5Cl,Lewis,H3COCH3,SF,0,6.90540646527e-05
C3H5Cl,Lewis,SF6,SF,0,3.09762359669e-05
C3H5F,Lewis,C2H3OH,SF,0,4.36149559433e-05
C3H5F,Lewis,C2H6,SF,0,2.46291795542e-05
C3H5F,Lewis,C3H3F,SF,0,4.24178705223e-05
C3H5F,Lewis,C3H3OH,SF,0,5.08795549523e-05
C3H5F,Lewis,C3H5Cl,SF,0,6.37157320862e-05
C3H5F,Lewis,C3H5F,SF,1,0.00128366896398
C3H5F,Lewis,C3H6,SF,0,4.28898642511e-05
C3H5F,Lewis,C3H7F,SF,0,4.47231152248e-05
C3H5F,Lewis,C3H7Li,SF,0,4.58107529264e-05
C3H5F,Lewis,C3H7OH,SF,0,4.26914900658e-05
C3H5F,Lewis,C3H8O,SF,0,4.22810607506e-05
C3H5F,Lewis,C4H3Cl,SF,0,2.19750699502e-05
C3H5F,Lewis,C4H5Cl,SF,0,4.25683612386e-05
C3H5F,Lewis,C4H5F,SF,0,4.25136372972e-05
C3H5F,Lewis,C4H6,SF,0,2.16330455209e-05
C3H5F,Lewis,C4H7F,SF,0,4.2677808958e-05
C3H5F,Lewis,C4H8(CIS),SF,0,2.49370016222e-05
C3H5F,Lewis,C6H6,SF,0,6.62159298399e-06
C3H5F,Lewis,CH3COOH,SF,0,6.65784765023e-05
C3H5F,Lewis,CH3NH2,SF,0,5.17482970517e-05
C3H5F,Lewis,H3COCH3,SF,0,6.67734305331e-05
C3H5F,Lewis,SF6,SF,0,2.99305582901e-05
C3H6,Lewis,C2H3OH,SF,0,1.58152863521e-05
C3H6,Lewis,C2H6,SF,0,3.09387279363e-05
C3H6,Lewis,C3H3F,SF,0,1.49860203608e-05
C3H6,Lewis,C3H3OH,SF,0,2.08477460008e-05
C3H6,Lewis,C3H5Cl,SF,0,2.97398462486e-05
C3H6,Lewis,C3H5F,SF,0,2.97114143416e-05
C3H6,Lewis,C3H6,SF,1,0.000888724286418
C3H6,Lewis,C3H7F,SF,0,1.65829496519e-05
C3H6,Lewis,C3H7Li,SF,0,1.73363969982e-05
C3H6,Lewis,C3H7OH,SF,0,1.51755668602e-05
C3H6,Lewis,C3H8O,SF,0,1.48912471111e-05
C3H6,Lewis,C4H3Cl,SF,0,8.24527340115e-07
C3H6,Lewis,C4H5Cl,SF,0,1.50902709129e-05
C3H6,Lewis,C4H5F,SF,0,1.50523615904e-05
C3H6,Lewis,C4H6,SF,0,2.88631936325e-05
C3H6,Lewis,C4H7F,SF,0,1.51660895578e-05
C3H6,Lewis,C4H8(CIS),SF,0,3.11519676915e-05
C3H6,Lewis,C6H6,SF,0,1.84641986921e-05
C3H6,Lewis,CH3COOH,SF,0,3.17229765718e-05
C3H6,Lewis,CH3NH2,SF,0,2.14495560572e-05
C3H6,Lewis,H3COCH3,SF,0,3.1858028413e-05
C3H6,Lewis,SF6,SF,0,3.46111914181e-05
C3H7F,Lewis,C2H6,SF,0,5.7127328855e-05
C3H7F,Lewis,C3H3OH,SF,0,0.000114614184475
C3H7F,Lewis,C3H5Cl,SF,0,9.80310053569e-05
C3H7F,Lewis,C3H5F,SF,0,9.79411238443e-05
C3H7F,Lewis,C3H6,SF,0,5.24235182545e-05
C3H7F,Lewis,C3H7F,SF,1,0.00281754492053
C3H7F,Lewis,C3H7Li,SF,0,0.000148207480433
C3H7F,Lewis,C3H7OH,SF,0,9.66827794501e-05
C3H7F,Lewis,C3H8O,SF,0,9.57839621789e-05
C3H7F,Lewis,C4H10,SF,0,5.4311034667e-05
C3H7F,Lewis,C4H3Cl,SF,0,5.13149770964e-05
C3H7F,Lewis,C4H5Cl,SF,0,9.64131341973e-05
C3H7F,Lewis,C4H5F,SF,0,9.62932918229e-05
C3H7F,Lewis,C4H6,SF,0,5.05659623461e-05
C3H7F,Lewis,C4H7F,SF,0,9.66528189459e-05
C3H7F,Lewis,C4H8(CIS),SF,0,5.78014416296e-05
C3H7F,Lewis,C4H9Cl,SF,0,9.91395468726e-05
C3H7F,Lewis,C5H7F,SF,0,9.64131341973e-05
C3H7F,Lewis,C5H7OH,SF,0,9.63532131889e-05
C3H7F,Lewis,C5H9Cl,SF,0,9.67127399543e-05
C3H7F,Lewis,C5H9F,SF,0,9.659289758e-05
C3H7F,Lewis,C6H6,SF,0,1.76917202766e-05
C3H7F,Lewis,CH3COOH,SF,0,0.000148993945635
C3H7F,Lewis,H3COCH3,SF,0,0.000104727194135
C3H7Li,Lewis,C2H6,SF,0,8.36468526973e-05
C3H7Li,Lewis,C3H3OH,SF,0,0.000164451080878
C3H7Li,Lewis,C3H5Cl,SF,0,0.00014114156125
C3H7Li,Lewis,C3H5F,SF,0,0.000141015222695
C3H7Li,Lewis,C3H6,SF,0,7.70351189196e-05
C3H7Li,Lewis,C3H7F,SF,0,0.000208322249283
C3H7Li,Lewis,C3H7Li,SF,1,0.00396707160032
C3H7Li,Lewis,C3H7OH,SF,0,0.000139246478406
C3H7Li,Lewis,C3H8O,SF,0,0.000137983089844
C3H7Li,Lewis,C4H10,SF,0,7.96882351015e-05
C3H7Li,Lewis,C4H3Cl,SF,0,7.54769398937e-05
C3H7Li,Lewis,C4H5Cl,SF,0,0.000138867461737
C3H7Li,Lewis,C4H5F,SF,0,0.000138699009828
C3H7Li,Lewis,C4H6,SF,0,7.44241155892e-05
C3H7Li,Lewis,C4H7F,SF,0,0.000139204365555
C3H7Li,Lewis,C4H8(CIS),SF,0,8.45943938677e-05
C3H7Li,Lewis,C4H9Cl,SF,0,0.000142699740778
C3H7Li,Lewis,C5H7F,SF,0,0.000138867461737
C3H7Li,Lewis,C5H7OH,SF,0,0.000138783236034
C3H7Li,Lewis,C5H9Cl,SF,0,0.000139288591258
C3H7Li,Lewis,C5H9F,SF,0,0.000139120139349
C3H7Li,Lewis,C6H6,SF,0,2.82156783945e-05
C3H7Li,Lewis,CH3COOH,SF,0,0.000212775694141
C3H7Li,Lewis,H3COCH3,SF,0,0.00015055380619
C3H7OH,Lewis,C3H5Cl,SF,0,2.26792772371e-05
C3H7OH,Lewis,C3H5F,SF,0,2.26574947277e-05
C3H7OH,Lewis,C3H6,SF,0,1.16264423526e-05
C3H7OH,Lewis,C3H7F,SF,0,2.3430775632e-05
C3H7OH,Lewis,C3H7Li,SF,0,2.40080135183e-05
C3H7OH,Lewis,C3H7OH,SF,1,0.00068066691272
C3H7OH,Lewis,C3H8O,SF,0,3.29660920537e-05
C3H7OH,Lewis,C4H10,SF,0,1.2083876177e-05
C3H7OH,Lewis,C4H5Cl,SF,0,2.22871911142e-05
C3H7OH,Lewis,C4H5F,SF,0,2.22581477683e-05
C3H7OH,Lewis,C4H6,SF,0,1.11762694512e-05
C3H7OH,Lewis,C4H7F,SF,0,3.31766568314e-05
C3H7OH,Lewis,C4H8(CIS),SF,0,2.37611444716e-05
C3H7OH,Lewis,C4H9Cl,SF,0,2.29479288799e-05
C3H7OH,Lewis,C5H12,SF,0,1.17571377557e-05
C3H7OH,Lewis,C5H7F,SF,0,2.22871911142e-05
C3H7OH,Lewis,C5H7OH,SF,0,2.22726694413e-05
C3H7OH,Lewis,C5H9Cl,SF,0,2.23597996523e-05
C3H7OH,Lewis,C5H9F,SF,0,2.23307563064e-05
C3H7OH,Lewis,C6H6,SF,0,1.40406762865e-05
C3H7OH,Lewis,H3COCH3,SF,0,2.43020780888e-05
C3H8O,Lewis,C3H5Cl,SF,0,8.27527165054e-06
C3H8O,Lewis,C3H5F,SF,0,8.26724651549e-06
C3H8O,Lewis,C3H6,SF,0,4.20317458782e-06
C3H8O,Lewis,C3H7F,SF,0,8.55213948026e-06
C3H8O,Lewis,C3H7Li,SF,0,8.76480606994e-06
C3H8O,Lewis,C3H7OH,SF,0,1.21454023356e-05
C3H8O,Lewis,C3H8O,SF,1,0.000250611517392
C3H8O,Lewis,C4H10,SF,0,4.37170283894e-06
C3H8O,Lewis,C4H5Cl,SF,0,8.13081886843e-06
C3H8O,Lewis,C4H5F,SF,0,8.12011865643e-06
C3H8O,Lewis,C4H6,SF,0,4.03732141364e-06
C3H8O,Lewis,C4H7F,SF,0,1.21427272906e-05
C3H8O,Lewis,C4H8(CIS),SF,0,8.67385431588e-06
C3H8O,Lewis,C4H9Cl,SF,0,8.37424857158e-06
C3H8O,Lewis,C5H12,SF,0,4.25132552583e-06
C3H8O,Lewis,C5H7F,SF,0,8.13081886843e-06
C3H8O,Lewis,C5H7OH,SF,0,8.12546877839e-06
C3H8O,Lewis,C5H9Cl,SF,0,8.15756938245e-06
C3H8O,Lewis,C5H9F,SF,0,8.14686917045e-06
C3H8O,Lewis,C6H6,SF,0,5.09262919507e-06
C3H8O,Lewis,H3COCH3,SF,0,8.87314564855e-06
C4H10,Lewis,C3H7F,SF,0,3.4637139456e-05
C4H10,Lewis,C3H7Li,SF,0,3.61561865252e-05
C4H10,Lewis,C3H7OH,SF,0,3.17996741501e-05
C4H10,Lewis,C3H8O,SF,0,3.12264488496e-05
C4H10,Lewis,C4H10,SF,1,0.00179419038174
C4H10,Lewis,C4H5Cl,SF,0,3.16277065143e-05
C4H10,Lewis,C4H5F,SF,0,3.15512764286e-05
C4H10,Lewis,C4H6,SF,0,5.93956958684e-05
C4H10,Lewis,C4H7F,SF,0,3.17805666857e-05
C4H10,Lewis,C4H8(CIS),SF,0,6.40101596971e-05
C4H10,Lewis,C4H9Cl,SF,0,6.18701184384e-05
C4H10,Lewis,C5H12,SF,0,6.09242966697e-05
C4H10,Lewis,C5H7F,SF,0,3.16277065143e-05
C4H10,Lewis,C5H7OH,SF,0,6.00931201436e-05
C4H10,Lewis,C5H9Cl,SF,0,3.18187816145e-05
C4H10,Lewis,C5H9F,SF,0,3.17423515288e-05
C4H10,Lewis,C6H12,SF,0,6.19943174131e-05
C4H10,Lewis,C6H6,SF,0,3.84299802628e-05
C4H3Cl,Lewis,BrF5,SF,0,6.48413362232e-06
C4H3Cl,Lewis,C2H3Cl,SF,0,6.13637694914e-06
C4H3Cl,Lewis,C2H3OH,SF,0,1.19364617037e-05
C4H3Cl,Lewis,C2H6,SF,0,1.23338979212e-05
C4H3Cl,Lewis,C3H3+,SF,0,9.5537550085e-08
C4H3Cl,Lewis,C3H3F,SF,0,1.16020803012e-05
C4H3Cl,Lewis,C3H3OH,SF,0,1.96664050156e-05
C4H3Cl,Lewis,C3H5Cl,SF,0,1.18504779315e-05
C4H3Cl,Lewis,C3H5F,SF,0,1.18390134072e-05
C4H3Cl,Lewis,C3H6,SF,0,6.03319641329e-06
C4H3Cl,Lewis,C3H7F,SF,0,1.22460034025e-05
C4H3Cl,Lewis,C3H7Li,SF,0,1.25498128163e-05
C4H3Cl,Lewis,C4H3Cl,SF,1,0.000352373050235
C4H3Cl,Lewis,C4H5Cl,SF,0,1.16441168142e-05
C4H3Cl,Lewis,C4H5F,SF,0,1.1628830797e-05
C4H3Cl,Lewis,C4H6,SF,0,5.79626326171e-06
C4H3Cl,Lewis,CH3COOH,SF,0,2.4051578633e-05
C4H3Cl,Lewis,CH3NH2,SF,0,1.42083446949e-05
C4H3Cl,Lewis,H3COCH3,SF,0,1.27045836429e-05
C4H3Cl,Lewis,SF6,SF,0,8.1140042587e-06
C4H5Cl,Lewis,C2H3OH,SF,0,1.84616000715e-05
C4H5Cl,Lewis,C2H6,SF,0,1.02945342505e-05
C4H5Cl,Lewis,C3H3F,SF,0,1.79466526414e-05
C4H5Cl,Lewis,C3H3OH,SF,0,2.15865951759e-05
C4H5Cl,Lewis,C3H5Cl,SF,0,1.83291849919e-05
C4H5Cl,Lewis,C3H5F,SF,0,1.83115296948e-05
C4H5Cl,Lewis,C3H6,SF,0,9.37057145395e-06
C4H5Cl,Lewis,C3H7F,SF,0,1.89382942173e-05
C4H5Cl,Lewis,C3H7Li,SF,0,1.94061607146e-05
C4H5Cl,Lewis,C3H7OH,SF,0,1.80643549031e-05
C4H5Cl,Lewis,C3H8O,SF,0,1.78878015105e-05
C4H5Cl,Lewis,C4H10,SF,0,9.74133360641e-06
C4H5Cl,Lewis,C4H3Cl,SF,0,9.15282229789e-06
C4H5Cl,Lewis,C4H5Cl,SF,1,0.000551592513053
C4H5Cl,Lewis,C4H5F,SF,0,2.6766966071e-05
C4H5Cl,Lewis,C4H6,SF,0,1.77848120667e-05
C4H5Cl,Lewis,C4H7F,SF,0,1.80584698041e-05
C4H5Cl,Lewis,C4H8(CIS),SF,0,1.04269492598e-05
C4H5Cl,Lewis,C4H9Cl,SF,0,1.85469342182e-05
C4H5Cl,Lewis,C5H7F,SF,0,1.80113889415e-05
C4H5Cl,Lewis,C5H7OH,SF,0,1.79996186732e-05
C4H5Cl,Lewis,C6H6,SF,0,2.548253994e-06
C4H5Cl,Lewis,CH3COOH,SF,0,2.83397625466e-05
C4H5Cl,Lewis,CH3NH2,SF,0,2.19602998779e-05
C4H5Cl,Lewis,H3COCH3,SF,0,1.96445077875e-05
C4H5Cl,Lewis,SF6,SF,0,1.25750156061e-05
C4H5F,Lewis,C2H3OH,SF,0,1.65224170487e-05
C4H5F,Lewis,C2H6,SF,0,9.20387754677e-06
C4H5F,Lewis,C3H3F,SF,0,1.60609706503e-05
C4H5F,Lewis,C3H3OH,SF,0,1.93227373371e-05
C4H5F,Lewis,C3H5Cl,SF,0,1.6403759443e-05
C4H5F,Lewis,C3H5F,SF,0,1.63879383995e-05
C4H5F,Lewis,C3H6,SF,0,8.37591088496e-06
C4H5F,Lewis,C3H7F,SF,0,1.69495845301e-05
C4H5F,Lewis,C3H7Li,SF,0,1.73688415211e-05
C4H5F,Lewis,C3H7OH,SF,0,1.61664441686e-05
C4H5F,Lewis,C3H8O,SF,0,1.60082339227e-05
C4H5F,Lewis,C4H10,SF,0,8.70815229431e-06
C4H5F,Lewis,C4H3Cl,SF,0,8.18078501784e-06
C4H5F,Lewis,C4H5Cl,SF,0,2.39859825831e-05
C4H5F,Lewis,C4H5F,SF,1,0.000494242010601
C4H5F,Lewis,C4H6,SF,0,1.59159446808e-05
C4H5F,Lewis,C4H7F,SF,0,1.61611704454e-05
C4H5F,Lewis,C4H8(CIS),SF,0,9.32253521545e-06
C4H5F,Lewis,C4H9Cl,SF,0,1.65988853101e-05
C4H5F,Lewis,C5H7F,SF,0,1.61189811011e-05
C4H5F,Lewis,C5H7OH,SF,0,1.61084337178e-05
C4H5F,Lewis,C6H6,SF,0,2.26240562864e-06
C4H5F,Lewis,CH3COOH,SF,0,2.5374276929e-05
C4H5F,Lewis,CH3NH2,SF,0,1.96576155765e-05
C4H5F,Lewis,H3COCH3,SF,0,1.75824253248e-05
C4H5F,Lewis,SF6,SF,0,1.12474257746e-05
C4H7F,Lewis,C3H5Cl,SF,0,2.21947107922e-05
C4H7F,Lewis,C3H5F,SF,0,2.21733867771e-05
C4H7F,Lewis,C3H6,SF,0,1.13745671684e-05
C4H7F,Lewis,C3H7F,SF,0,2.29303881683e-05
C4H7F,Lewis,C3H7Li,SF,0,2.3495473678e-05
C4H7F,Lewis,C3H7OH,SF,0,3.24782008981e-05
C4H7F,Lewis,C3H8O,SF,0,3.22649610863e-05
C4H7F,Lewis,C4H10,SF,0,1.18223708071e-05
C4H7F,Lewis,C4H5Cl,SF,0,2.1810879114e-05
C4H7F,Lewis,C4H5F,SF,0,2.17824471221e-05
C4H7F,Lewis,C4H6,SF,0,1.09338715065e-05
C4H7F,Lewis,C4H7F,SF,1,0.000666322867025
C4H7F,Lewis,C4H8(CIS),SF,0,2.32538018744e-05
C4H7F,Lewis,C4H9Cl,SF,0,2.24577065261e-05
C4H7F,Lewis,C5H12,SF,0,1.15025110046e-05
C4H7F,Lewis,C5H7F,SF,0,2.1810879114e-05
C4H7F,Lewis,C5H7OH,SF,0,2.17966631605e-05
C4H7F,Lewis,C5H9Cl,SF,0,2.18819590513e-05
C4H7F,Lewis,C5H9F,SF,0,2.18535270594e-05
C4H7F,Lewis,C6H6,SF,0,1.37379751248e-05
C4H7F,Lewis,H3COCH3,SF,0,2.37833474155e-05
C4H8(CIS),Lewis,C3H5Cl,SF,0,6.73988573863e-05
C4H8(CIS),Lewis,C3H5F,SF,0,6.72881105225e-05
C4H8(CIS),Lewis,C3H6,SF,0,0.000121341938669
C4H8(CIS),Lewis,C3H7F,SF,0,7.12196334365e-05
C4H8(CIS),Lewis,C3H7Li,SF,0,7.41544323741e-05
C4H8(CIS),Lewis,C3H7OH,SF,0,0.00012080666084
C4H8(CIS),Lewis,C3H8O,SF,0,0.000119699189559
C4H8(CIS),Lewis,C4H10,SF,0,0.000123667628535
C4H8(CIS),Lewis,C4H5Cl,SF,0,6.54054089931e-05
C4H8(CIS),Lewis,C4H5F,SF,0,6.52577465081e-05
C4H8(CIS),Lewis,C4H6,SF,0,0.000119053164866
C4H8(CIS),Lewis,C4H7F,SF,0,0.000120769745218
C4H8(CIS),Lewis,C4H8(CIS),SF,1,0.00347497717797
C4H8(CIS),Lewis,C4H9Cl,SF,0,6.87647388967e-05
C4H8(CIS),Lewis,C5H12,SF,0,0.000122006421614
C4H8(CIS),Lewis,C5H7F,SF,0,6.54054089931e-05
C4H8(CIS),Lewis,C5H7OH,SF,0,6.53315777506e-05
C4H8(CIS),Lewis,C5H9Cl,SF,0,6.57745660866e-05
C4H8(CIS),Lewis,C5H9F,SF,0,6.56269036017e-05
C4H8(CIS),Lewis,C6H6,SF,0,0.000133616412249
C4H8(CIS),Lewis,H3COCH3,SF,0,7.56495185588e-05
C4H9Cl,Lewis,C3H7F,SF,0,6.5502914898e-05
C4H9Cl,Lewis,C3H7Li,SF,0,6.70766476616e-05
C4H9Cl,Lewis,C3H7OH,SF,0,6.2563300841e-05
C4H9Cl,Lewis,C3H8O,SF,0,6.19694394297e-05
C4H9Cl,Lewis,C4H10,SF,0,6.40974427022e-05
C4H9Cl,Lewis,C4H5Cl,SF,0,6.23851423704e-05
C4H9Cl,Lewis,C4H5F,SF,0,6.23059608016e-05
C4H9Cl,Lewis,C4H6,SF,0,3.20932609687e-05
C4H9Cl,Lewis,C4H7F,SF,0,6.25435052717e-05
C4H9Cl,Lewis,C4H8(CIS),SF,0,3.68738454953e-05
C4H9Cl,Lewis,C4H9Cl,SF,1,0.00185895939395
C4H9Cl,Lewis,C5H12,SF,0,3.3676891399e-05
C4H9Cl,Lewis,C5H7F,SF,0,6.23851423704e-05
C4H9Cl,Lewis,C5H7OH,SF,0,9.18753106541e-05
C4H9Cl,Lewis,C5H9Cl,SF,0,6.25830961742e-05
C4H9Cl,Lewis,C5H9F,SF,0,6.25039146054e-05
C4H9Cl,Lewis,C6H12,SF,0,3.47854326529e-05
C4H9Cl,Lewis,C6H6,SF,0,1.03727796014e-05
C5H12,Lewis,C3H7OH,SF,0,1.98014951676e-05
C5H12,Lewis,C3H8O,SF,0,1.94346309752e-05
C5H12,Lewis,C4H10,SF,0,3.89915498686e-05
C5H12,Lewis,C4H7F,SF,0,1.97892662444e-05
C5H12,Lewis,C4H8(CIS),SF,0,4.04162059177e-05
C5H12,Lewis,C4H9Cl,SF,0,2.08042572349e-05
C5H12,Lewis,C5H12,SF,1,0.00114718125173
C5H12,Lewis,C5H7F,SF,0,1.96914358807e-05
C5H12,Lewis,C5H7OH,SF,0,1.96669781803e-05
C5H12,Lewis,C5H9Cl,SF,0,1.98137239448e-05
C5H12,Lewis,C5H9F,SF,0,1.976480869e-05
C5H12,Lewis,C6H12,SF,0,3.91260668559e-05
C5H12,Lewis,C6H6,SF,0,2.40448910797e-05
C5H7F,Lewis,C3H7F,SF,0,1.89382942173e-05
C5H7F,Lewis,C3H7Li,SF,0,1.94061607146e-05
C5H7F,Lewis,C3H7OH,SF,0,1.80643549031e-05
C5H7F,Lewis,C3H8O,SF,0,1.78878015105e-05
C5H7F,Lewis,C4H10,SF,0,9.74133360641e-06
C5H7F,Lewis,C4H5Cl,SF,0,1.80113889415e-05
C5H7F,Lewis,C4H5F,SF,0,1.79878484751e-05
C5H7F,Lewis,C4H6,SF,0,9.00569447076e-06
C5H7F,Lewis,C4H7F,SF,0,1.80584698041e-05
C5H7F,Lewis,C4H8(CIS),SF,0,1.04269492598e-05
C5H7F,Lewis,C4H9Cl,SF,0,1.85469342182e-05
C5H7F,Lewis,C5H12,SF,0,9.47650351757e-06
C5H7F,Lewis,C5H7F,SF,1,0.000551592513053
C5H7F,Lewis,C5H7OH,SF,0,1.79996186732e-05
C5H7F,Lewis,C5H9Cl,SF,0,1.80702400724e-05
C5H7F,Lewis,C5H9F,SF,0,1.8046699606e-05
C5H7F,Lewis,C6H12,SF,0,9.8060698363e-06
C5H7F,Lewis,C6H6,SF,0,2.548253994e-06
C5H7OH,Lewis,C3H7F,SF,0,1.79433279663e-05
C5H7OH,Lewis,C3H7Li,SF,0,1.83868897105e-05
C5H7OH,Lewis,C3H7OH,SF,0,1.7114788097e-05
C5H7OH,Lewis,C3H8O,SF,0,1.69474063092e-05
C5H7OH,Lewis,C4H10,SF,0,1.75471910819e-05
C5H7OH,Lewis,C4H5Cl,SF,0,1.70645735473e-05
C5H7OH,Lewis,C4H5F,SF,0,1.70422559623e-05
C5H7OH,Lewis,C4H6,SF,0,8.52670736076e-06
C5H7OH,Lewis,C4H7F,SF,0,1.71092087174e-05
C5H7OH,Lewis,C4H8(CIS),SF,0,9.87413079875e-06
C5H7OH,Lewis,C4H9Cl,SF,0,2.58953578292e-05
C5H7OH,Lewis,C5H12,SF,0,8.97305879476e-06
C5H7OH,Lewis,C5H7F,SF,0,1.70645735473e-05
C5H7OH,Lewis,C5H7OH,SF,1,0.000522916038946
C5H7OH,Lewis,C5H9Cl,SF,0,1.71203674766e-05
C5H7OH,Lewis,C5H9F,SF,0,1.70980498916e-05
C5H7OH,Lewis,C6H12,SF,0,9.28550485182e-06
C5H7OH,Lewis,C6H6,SF,0,2.40471840393e-06
C5H9Cl,Lewis,C3H7F,SF,0,2.39314688152e-05
C5H9Cl,Lewis,C3H7Li,SF,0,2.45208590781e-05
C5H9Cl,Lewis,C3H7OH,SF,0,2.28305322765e-05
C5H9Cl,Lewis,C3H8O,SF,0,2.26081208599e-05
C5H9Cl,Lewis,C4H10,SF,0,1.23456872664e-05
C5H9Cl,Lewis,C4H7F,SF,0,2.28231185803e-05
C5H9Cl,Lewis,C4H8(CIS),SF,0,1.32093849077e-05
C5H9Cl,Lewis,C4H9Cl,SF,0,2.34384568683e-05
C5H9Cl,Lewis,C5H12,SF,0,1.20120701415e-05
C5H9Cl,Lewis,C5H7F,SF,0,2.27638089223e-05
C5H9Cl,Lewis,C5H7OH,SF,0,2.27489814415e-05
C5H9Cl,Lewis,C5H9Cl,SF,1,0.000695011569942
C5H9Cl,Lewis,C5H9F,SF,0,3.38676990685e-05
C5H9Cl,Lewis,C6H12,SF,0,1.24272381015e-05
C5H9Cl,Lewis,C6H6,SF,0,3.28427528715e-06
C5H9F,Lewis,C3H7F,SF,0,2.19305303179e-05
C5H9F,Lewis,C3H7Li,SF,0,2.24713110745e-05
C5H9F,Lewis,C3H7OH,SF,0,2.09203927502e-05
C5H9F,Lewis,C3H8O,SF,0,2.0716324462e-05
C5H9F,Lewis,C4H10,SF,0,1.13002771443e-05
C5H9F,Lewis,C4H7F,SF,0,2.09135904117e-05
C5H9F,Lewis,C4H8(CIS),SF,0,1.20927420715e-05
C5H9F,Lewis,C4H9Cl,SF,0,2.14781791501e-05
C5H9F,Lewis,C5H12,SF,0,1.09941748338e-05
C5H9F,Lewis,C5H7F,SF,0,2.08591722718e-05
C5H9F,Lewis,C5H7OH,SF,0,2.0845567676e-05
C5H9F,Lewis,C5H9Cl,SF,0,3.10744867742e-05
C5H9F,Lewis,C5H9F,SF,1,0.00063763660987
C5H9F,Lewis,C6H12,SF,0,1.13751021372e-05
C5H9F,Lewis,C6H6,SF,0,2.98619811173e-06
C6H12,Lewis,C4H10,SF,0,6.74498173455e-05
C6H12,Lewis,C4H9Cl,SF,0,3.653141962e-05
C6H12,Lewis,C5H12,SF,0,6.6514313655e-05
C6H12,Lewis,C5H7F,SF,0,3.46396233178e-05
C6H12,Lewis,C5H7OH,SF,0,3.45980454753e-05
C6H12,Lewis,C5H9Cl,SF,0,3.48475130268e-05
C6H12,Lewis,C5H9F,SF,0,3.47643570936e-05
C6H12,Lewis,C6H12,SF,1,0.00195253649284
C6H6,Lewis,C3H5Cl,SF,0,2.93677083177e-05
C6H6,Lewis,C3H5F,SF,0,2.91867981249e-05
C6H6,Lewis,C3H6,SF,0,0.00011748590942
C6H6,Lewis,C3H7F,SF,0,3.56091002506e-05
C6H6,Lewis,C3H7Li,SF,0,4.04032128008e-05
C6H6,Lewis,C3H7OH,SF,0,0.000116611511474
C6H6,Lewis,C3H8O,SF,0,0.000114802412426
C6H6,Lewis,C4H10,SF,0,0.000121285017709
C6H6,Lewis,C4H5Cl,SF,0,2.61113298866e-05
C6H6,Lewis,C4H5F,SF,0,2.58701165362e-05
C6H6,Lewis,C4H6,SF,0,0.000113747104288
C6H6,Lewis,C4H7F,SF,0,0.000116551208317
C6H6,Lewis,C4H8(CIS),SF,0,0.000218267803861
C6H6,Lewis,C4H9Cl,SF,0,3.15989309092e-05
C6H6,Lewis,C5H12,SF,0,0.000118571369137
C6H6,Lewis,C5H7F,SF,0,2.61113298866e-05
C6H6,Lewis,C5H7OH,SF,0,2.59907235712e-05
C6H6,Lewis,C5H9Cl,SF,0,2.67143629027e-05
C6H6,Lewis,C5H9F,SF,0,2.64731495523e-05
C6H6,Lewis,C6H6,SF,1,0.00569496832519
C6H6,Lewis,H3COCH3,SF,0,4.28454964442e-05
CaCl2,Lewis,BCl3,SF,0,0.000317353391212
CaCl2,Lewis,C2HF,SF,0,0.000110501101108
CaCl2,Lewis,CaCl2,SF,1,0.0119589358222
CaCl2,Lewis,CH3-,SF,0,0.000533461167719
CaCl2,Lewis,HClO2,SF,0,0.000319769229609
CaCl2,Lewis,NF3,SF,0,0.000388510829435
CaCl2,Lewis,NH2-,SF,0,0.000717410049118
CaCl2,Lewis,NH3,SF,0,0.000349229915463
CaCl2,Lewis,NO3-,SF,0,0.000326263757844
CaCl2,Lewis,O3,SF,0,0.000309133264123
CaCl2,Lewis,OCN-,SF,0,0.000290245794843
CaCl2,Lewis,PBr3,SF,0,0.00030819202743
CaCl2,Lewis,SO2,SF,0,0.000586139006844
CaCl2,Lewis,SO3,SF,0,0.000366297660271
CaCl2,Lewis,SO3(2-),SF,0,0.00044805969177
CaO,Lewis,CaO,SF,1,0.0184349626213
CaO,Lewis,Cl2,SF,0,0.000907088011804
CaO,Lewis,CuO,SF,0,0.00165572362891
CaO,Lewis,F2,SF,0,0.000862045225856
CaO,Lewis,HI,SF,0,0.00150997197938
CaO,Lewis,I2,SF,0,0.000845425667855
CaO,Lewis,KBr,SF,0,0.00146828143624
CaO,Lewis,Li2,SF,0,0.000877814922054
CaO,Lewis,LiH,SF,0,0.00144439082035
CaO,Lewis,MgO,SF,0,0.00158924539015
CaO,Lewis,NaBr,SF,0,0.00153353209459
CaO,Lewis,NaF,SF,0,0.00152078413601
CaO,Lewis,O2,SF,0,0.00105005399532
CaO,Lewis,OH-,SF,0,0.00130638237416
CH3-,Lewis,BCl3,SF,0,0.00152194759289
CH3-,Lewis,C2HF,SF,0,0.00147558558669
CH3-,Lewis,CaCl2,SF,0,0.000817333997451
CH3-,Lewis,CH3-,SF,1,0.0288913042198
CH3-,Lewis,CH3Br,SF,0,0.00101959379661
CH3-,Lewis,CH3Cl,SF,0,0.00102581489545
CH3-,Lewis,CH3F,SF,0,0.00110194930624
CH3-,Lewis,CH4,SF,0,0.00154875756913
CH3-,Lewis,HClO2,SF,0,0.0019695705234
CH3-,Lewis,HCO3-,SF,0,0.00104062703721
CH3-,Lewis,HNO3,SF,0,0.00153875937432
CH3-,Lewis,NF3,SF,0,0.00213183753979
CH3-,Lewis,NH2-,SF,0,0.00202437545146
CH3-,Lewis,NH3,SF,0,0.00203911353093
CH3-,Lewis,NH4+,SF,0,0.00153824094883
CH3-,Lewis,NO3-,SF,0,0.00154298083349
CH3-,Lewis,O3,SF,0,0.000618703173198
CH3-,Lewis,OCN-,SF,0,0.000574118623303
CH3-,Lewis,PBr3,SF,0,0.00194224212166
CH3-,Lewis,PO4(3-),SF,0,0.00177730892258
CH3-,Lewis,SO2,SF,0,0.00127258518221
CH3-,Lewis,SO3,SF,0,0.00163748229866
CH3-,Lewis,SO3(2-),SF,0,0.00227240476903
CH3-,Lewis,SO4(2-),SF,0,0.00189017744212
CH3Br,Lewis,BCl3,SF,0,4.18225188009e-07
CH3Br,Lewis,BrF5,SF,0,3.08853797935e-06
CH3Br,Lewis,C2H3Cl,SF,0,2.92161475433e-06
CH3Br,Lewis,C2H3OH,SF,0,8.4420038e-06
CH3Br,Lewis,C2HF,SF,0,2.86750228377e-06
CH3Br,Lewis,C3H3+,SF,0,2.20118427833e-08
CH3Br,Lewis,C3H3F,SF,0,5.54515236333e-06
CH3Br,Lewis,CH3-,SF,0,6.31327428244e-06
CH3Br,Lewis,CH3Br,SF,1,0.000171827720114
CH3Br,Lewis,CH3Cl,SF,0,8.29158946802e-06
CH3Br,Lewis,CH3F,SF,0,8.76300996829e-06
CH3Br,Lewis,CH3NH2,SF,0,6.7961592723e-06
CH3Br,Lewis,CH4,SF,0,6.05692791601e-06
CH3Br,Lewis,HClO2,SF,0,8.6625808836e-06
CH3Br,Lewis,HCO3-,SF,0,8.3833055161e-06
CH3Br,Lewis,HNO3,SF,0,1.14677162722e-05
CH3Br,Lewis,NF3,SF,0,4.19463352797e-06
CH3Br,Lewis,NH3,SF,0,3.62049105822e-06
CH3Br,Lewis,NH4+,SF,0,5.99180952406e-06
CH3Br,Lewis,NO3-,SF,0,5.48461971906e-07
CH3Br,Lewis,PBr3,SF,0,3.02066809063e-06
CH3Br,Lewis,PO4(3-),SF,0,7.47210657512e-06
CH3Br,Lewis,SF6,SF,0,3.87087588481e-06
CH3Br,Lewis,SO3,SF,0,1.13361036305e-06
CH3Br,Lewis,SO3(2-),SF,0,5.06501884834e-06
CH3Br,Lewis,SO4(2-),SF,0,8.17098285713e-06
CH3Cl,Lewis,BCl3,SF,0,1.25605129052e-06
CH3Cl,Lewis,BrF5,SF,0,8.5994114667e-06
CH3Cl,Lewis,C2H3Cl,SF,0,8.14037265809e-06
CH3Cl,Lewis,C2H3OH,SF,0,2.33214424735e-05
CH3Cl,Lewis,C2HF,SF,0,7.99156336406e-06
CH3Cl,Lewis,C3H3+,SF,0,1.66464651348e-07
CH3Cl,Lewis,C3H3F,SF,0,1.53551010227e-05
CH3Cl,Lewis,CH3-,SF,0,1.74674363002e-05
CH3Cl,Lewis,CH3Br,SF,0,2.2801871037e-05
CH3Cl,Lewis,CH3Cl,SF,1,0.00047273809436
CH3Cl,Lewis,CH3F,SF,0,2.42042094363e-05
CH3Cl,Lewis,CH3NH2,SF,0,1.87953700825e-05
CH3Cl,Lewis,CH4,SF,0,1.67624837925e-05
CH3Cl,Lewis,HClO2,SF,0,2.39280295136e-05
CH3Cl,Lewis,HCO3-,SF,0,2.31600221928e-05
CH3Cl,Lewis,HNO3,SF,0,3.1642151772e-05
CH3Cl,Lewis,NF3,SF,0,1.16411742254e-05
CH3Cl,Lewis,NH3,SF,0,1.00622824336e-05
CH3Cl,Lewis,NH4+,SF,0,1.65834082147e-05
CH3Cl,Lewis,NO3-,SF,0,1.61420244624e-06
CH3Cl,Lewis,PBr3,SF,0,8.41276927274e-06
CH3Cl,Lewis,PO4(3-),SF,0,2.06542251051e-05
CH3Cl,Lewis,SF6,SF,0,1.07508407067e-05
CH3Cl,Lewis,SO3,SF,0,3.22336058207e-06
CH3Cl,Lewis,SO3(2-),SF,0,1.40347338564e-05
CH3Cl,Lewis,SO4(2-),SF,0,2.25761349408e-05
CH3COOH,Lewis,BrF5,SF,0,0.000950014085123
CH3COOH,Lewis,C2H3Cl,SF,0,0.000925066018117
CH3COOH,Lewis,C2H3OH,SF,0,0.00134116409841
CH3COOH,Lewis,C2H6,SF,0,0.00136967617265
CH3COOH,Lewis,C3H3+,SF,0,0.000491696199629
CH3COOH,Lewis,C3H3F,SF,0,0.0013171755766
CH3COOH,Lewis,C3H3OH,SF,0,0.00189571023161
CH3COOH,Lewis,C3H5Cl,SF,0,0.00133499562259
CH3COOH,Lewis,C3H5F,SF,0,0.00133417315762
CH3COOH,Lewis,C3H6,SF,0,0.000917663846475
CH3COOH,Lewis,C3H7F,SF,0,0.00136337061988
CH3COOH,Lewis,C3H7Li,SF,0,0.00138516590723
CH3COOH,Lewis,C4H3Cl,SF,0,0.00131649018858
CH3COOH,Lewis,C4H5Cl,SF,0,0.00132019127603
CH3COOH,Lewis,C4H5F,SF,0,0.00131909465716
CH3COOH,Lewis,C4H6,SF,0,0.000900666262181
CH3COOH,Lewis,CH3COOH,SF,1,0.0266578973612
CH3COOH,Lewis,CH3NH2,SF,0,0.0015041489842
CH3COOH,Lewis,H3COCH3,SF,0,0.00139626916633
CH3COOH,Lewis,SF6,SF,0,0.0010669410013
CH3F,Lewis,BCl3,SF,0,2.24306885824e-05
CH3F,Lewis,BrF5,SF,0,8.69632477064e-05
CH3F,Lewis,C2H3Cl,SF,0,8.29292697684e-05
CH3F,Lewis,C2H3OH,SF,0,0.000216338671706
CH3F,Lewis,C2HF,SF,0,8.162155173e-05
CH3F,Lewis,C3H3+,SF,0,1.28555327394e-05
CH3F,Lewis,C3H3F,SF,0,0.000146331428653
CH3F,Lewis,CH3-,SF,0,0.000164894375031
CH3F,Lewis,CH3Br,SF,0,0.0002117727409
CH3F,Lewis,CH3Cl,SF,0,0.000212703658683
CH3F,Lewis,CH3F,SF,1,0.00417715039583
CH3F,Lewis,CH3NH2,SF,0,0.000176564095619
CH3F,Lewis,CH4,SF,0,0.000158699337842
CH3F,Lewis,HClO2,SF,0,0.000221669284559
CH3F,Lewis,HCO3-,SF,0,0.000214920129845
CH3F,Lewis,HNO3,SF,0,0.00028946005645
CH3F,Lewis,NF3,SF,0,0.000113693890131
CH3F,Lewis,NH3,SF,0,9.98187804459e-05
CH3F,Lewis,NH4+,SF,0,0.00015712564337
CH3F,Lewis,NO3-,SF,0,2.55780775266e-05
CH3F,Lewis,PBr3,SF,0,8.53230587292e-05
CH3F,Lewis,PO4(3-),SF,0,0.000192899488771
CH3F,Lewis,SF6,SF,0,0.000105869747088
CH3F,Lewis,SO3,SF,0,3.97191636458e-05
CH3F,Lewis,SO3(2-),SF,0,0.00013472820204
CH3F,Lewis,SO4(2-),SF,0,0.000209788998919
CH3NH2,Lewis,BrF5,SF,0,0.000258256631909
CH3NH2,Lewis,C2H3Cl,SF,0,0.000248387297523
CH3NH2,Lewis,C2H3OH,SF,0,0.000574780298555
CH3NH2,Lewis,C2H6,SF,0,0.000262486347015
CH3NH2,Lewis,C3H3+,SF,0,7.69482753784e-05
CH3NH2,Lewis,C3H3F,SF,0,0.000565290553058
CH3NH2,Lewis,C3H3OH,SF,0,0.000470582898355
CH3NH2,Lewis,C3H5Cl,SF,0,0.000410553483402
CH3NH2,Lewis,C3H5F,SF,0,0.000410228120203
CH3NH2,Lewis,C3H6,SF,0,0.000245459032622
CH3NH2,Lewis,C4H3Cl,SF,0,0.000241446226746
CH3NH2,Lewis,C4H5Cl,SF,0,0.000404696954893
CH3NH2,Lewis,C4H5F,SF,0,0.000404263137726
CH3NH2,Lewis,C4H6,SF,0,0.000238734871074
CH3NH2,Lewis,CH3Br,SF,0,0.000401822916975
CH3NH2,Lewis,CH3Cl,SF,0,0.000404100456774
CH3NH2,Lewis,CH3COOH,SF,0,0.000595034125614
CH3NH2,Lewis,CH3F,SF,0,0.000431973192559
CH3NH2,Lewis,CH3NH2,SF,1,0.0103106076008
CH3NH2,Lewis,CH4,SF,0,0.000271976092512
CH3NH2,Lewis,H3COCH3,SF,0,0.000434793003492
CH3NH2,Lewis,HCO3-,SF,0,0.000409523168117
CH3NH2,Lewis,HNO3,SF,0,0.000591888952777
CH3NH2,Lewis,NH4+,SF,0,0.000268125967588
CH3NH2,Lewis,PO4(3-),SF,0,0.000355648529438
CH3NH2,Lewis,SF6,SF,0,0.000466298956265
CH3NH2,Lewis,SO4(2-),SF,0,0.000396969590905
CH4,Lewis,BCl3,SF,0,9.43708661126e-05
CH4,Lewis,BrF5,SF,0,0.000162575105325
CH4,Lewis,C2H3Cl,SF,0,1.85298140624e-05
CH4,Lewis,C2H3OH,SF,0,0.000159529750378
CH4,Lewis,C2HF,SF,0,1.71476913769e-05
CH4,Lewis,C3H3+,SF,0,8.42509174791e-05
CH4,Lewis,C3H3F,SF,0,8.55393366e-05
CH4,Lewis,CH3-,SF,0,0.000244940245066
CH4,Lewis,CH3Br,SF,0,0.000154704033855
CH4,Lewis,CH3Cl,SF,0,0.000155687917649
CH4,Lewis,CH3F,SF,0,0.000167728782927
CH4,Lewis,CH3NH2,SF,0,0.000117492138626
CH4,Lewis,CH4,SF,1,0.00441636195233
CH4,Lewis,HClO2,SF,0,0.000165163657281
CH4,Lewis,HCO3-,SF,0,0.000158030498377
CH4,Lewis,HNO3,SF,0,0.000236811489772
CH4,Lewis,NF3,SF,0,0.000190826629129
CH4,Lewis,NH3,SF,0,0.000176162073548
CH4,Lewis,NH4+,SF,0,0.000236729499363
CH4,Lewis,NO3-,SF,0,9.76973311938e-05
CH4,Lewis,PBr3,SF,0,0.00016084159581
CH4,Lewis,PO4(3-),SF,0,0.000274538753208
CH4,Lewis,SF6,SF,0,0.000182557319327
CH4,Lewis,SO3,SF,0,0.000112642996351
CH4,Lewis,SO3(2-),SF,0,0.000213057720854
CH4,Lewis,SO4(2-),SF,0,0.000292389218804
Cl2,Lewis,CaO,SF,0,0.000428765195381
Cl2,Lewis,Cl2,SF,1,0.00859757654087
Cl2,Lewis,CuO,SF,0,0.000458135119951
Cl2,Lewis,F2,SF,0,0.000615652543246
Cl2,Lewis,HI,SF,0,0.000655578680136
Cl2,Lewis,I2,SF,0,0.000607796758647
Cl2,Lewis,KBr,SF,0,0.000369534358705
Cl2,Lewis,Li2,SF,0,0.000623106612514
Cl2,Lewis,LiH,SF,0,0.000358241666679
Cl2,Lewis,MgO,SF,0,0.000426711978359
Cl2,Lewis,NaBr,SF,0,0.000400377242688
Cl2,Lewis,NaF,SF,0,0.000394351498861
Cl2,Lewis,O2,SF,0,0.000704521115779
Cl2,Lewis,OH-,SF,0,0.000559345309475
CuO,Lewis,CaO,SF,0,0.00209662453859
CuO,Lewis,Cl2,SF,0,0.00122731574514
CuO,Lewis,CuO,SF,1,0.0235013499299
CuO,Lewis,F2,SF,0,0.00117027856579
CuO,Lewis,HI,SF,0,0.00199074105253
CuO,Lewis,I2,SF,0,0.00114923340026
CuO,Lewis,KBr,SF,0,0.00193794877835
CuO,Lewis,Li2,SF,0,0.00119024755786
CuO,Lewis,LiH,SF,0,0.0019076963554
CuO,Lewis,MgO,SF,0,0.00209112409676
CuO,Lewis,NaBr,SF,0,0.00202057496612
CuO,Lewis,NaF,SF,0,0.00200443236701
CuO,Lewis,O2,SF,0,0.00140835199055
CuO,Lewis,OH-,SF,0,0.00173293778472
F2,Lewis,CaO,SF,0,0.000241065662107
F2,Lewis,Cl2,SF,0,0.000364225948102
F2,Lewis,CuO,SF,0,0.000258441191742
F2,Lewis,F2,SF,1,0.0050612168475
F2,Lewis,HI,SF,0,0.000375250695242
F2,Lewis,I2,SF,0,0.000346982451676
F2,Lewis,KBr,SF,0,0.000206024131793
F2,Lewis,Li2,SF,0,0.000356039908661
F2,Lewis,LiH,SF,0,0.000199343266904
F2,Lewis,MgO,SF,0,0.000239850959858
F2,Lewis,NaBr,SF,0,0.00022427107771
F2,Lewis,NaF,SF,0,0.000220706189882
F2,Lewis,O2,SF,0,0.00040420550948
F2,Lewis,OH-,SF,0,0.000318318110373
H3COCH3,Lewis,C2H3OH,SF,0,0.000164933277925
H3COCH3,Lewis,C2H6,SF,0,9.78996987192e-05
H3COCH3,Lewis,C3H3F,SF,0,0.000160706696421
H3COCH3,Lewis,C3H3OH,SF,0,0.000190582588393
H3COCH3,Lewis,C3H5Cl,SF,0,0.000235903615462
H3COCH3,Lewis,C3H5F,SF,0,0.000235758704452
H3COCH3,Lewis,C3H6,SF,0,0.000162373177073
H3COCH3,Lewis,C3H7F,SF,0,0.000168845884421
H3COCH3,Lewis,C3H7Li,SF,0,0.000172686035412
H3COCH3,Lewis,C3H7OH,SF,0,0.000161672772128
H3COCH3,Lewis,C3H8O,SF,0,0.000160223658568
H3COCH3,Lewis,C4H3Cl,SF,0,8.85287642513e-05
H3COCH3,Lewis,C4H5Cl,SF,0,0.000161238037945
H3COCH3,Lewis,C4H5F,SF,0,0.000161044823264
H3COCH3,Lewis,C4H6,SF,0,8.73211696182e-05
H3COCH3,Lewis,C4H7F,SF,0,0.000161624468458
H3COCH3,Lewis,C4H8(CIS),SF,0,9.89865336008e-05
H3COCH3,Lewis,C6H6,SF,0,3.43198399908e-05
H3COCH3,Lewis,CH3COOH,SF,0,0.000246011182916
H3COCH3,Lewis,CH3NH2,SF,0,0.000193649878934
H3COCH3,Lewis,H3COCH3,SF,1,0.00455416533137
H3COCH3,Lewis,SF6,SF,0,0.00011661741582
HClO2,Lewis,BCl3,SF,0,0.000906737463082
HClO2,Lewis,C2HF,SF,0,0.00165303539376
HClO2,Lewis,CaCl2,SF,0,0.000672644895902
HClO2,Lewis,CH3-,SF,0,0.00175513327859
HClO2,Lewis,CH3Br,SF,0,0.0012466897655
HClO2,Lewis,CH3Cl,SF,0,0.00125223354454
HClO2,Lewis,CH3F,SF,0,0.00132007880839
HClO2,Lewis,CH4,SF,0,0.000930628502852
HClO2,Lewis,HClO2,SF,1,0.0256343562347
HClO2,Lewis,HCO3-,SF,0,0.00126543301246
HClO2,Lewis,HNO3,SF,0,0.00170933112396
HClO2,Lewis,NF3,SF,0,0.00145022556649
HClO2,Lewis,NH2-,SF,0,0.00135446342374
HClO2,Lewis,NH3,SF,0,0.00136759689605
HClO2,Lewis,NH4+,SF,0,0.000921256877793
HClO2,Lewis,NO3-,SF,0,0.000925480710048
HClO2,Lewis,O3,SF,0,0.000495640028263
HClO2,Lewis,OCN-,SF,0,0.000849715762298
HClO2,Lewis,PBr3,SF,0,0.00128127237397
HClO2,Lewis,PO4(3-),SF,0,0.00113429629506
HClO2,Lewis,SO2,SF,0,0.00068452441703
HClO2,Lewis,SO3,SF,0,0.00100969331601
HClO2,Lewis,SO3(2-),SF,0,0.00157548851736
HClO2,Lewis,SO4(2-),SF,0,0.00123487624313
HCO3-,Lewis,BCl3,SF,0,3.79352863902e-06
HCO3-,Lewis,BrF5,SF,0,2.22631921125e-05
HCO3-,Lewis,C2H3Cl,SF,0,2.11086399575e-05
HCO3-,Lewis,C2H3OH,SF,0,5.92913307053e-05
HCO3-,Lewis,C2HF,SF,0,2.07343620361e-05
HCO3-,Lewis,C3H3+,SF,0,1.05305315262e-06
HCO3-,Lewis,C3H3F,SF,0,3.9254774935e-05
HCO3-,Lewis,CH3-,SF,0,4.45676182088e-05
HCO3-,Lewis,CH3Br,SF,0,5.79845298197e-05
HCO3-,Lewis,CH3Cl,SF,0,5.82509649091e-05
HCO3-,Lewis,CH3F,SF,0,6.15116233693e-05
HCO3-,Lewis,CH3NH2,SF,0,4.79075728735e-05
HCO3-,Lewis,CH4,SF,0,4.2794555841e-05
HCO3-,Lewis,HClO2,SF,0,6.08169890183e-05
HCO3-,Lewis,HCO3-,SF,1,0.00119027667296
HCO3-,Lewis,HNO3,SF,0,8.02191753046e-05
HCO3-,Lewis,NF3,SF,0,2.99136863237e-05
HCO3-,Lewis,NH3,SF,0,2.59425342413e-05
HCO3-,Lewis,NH4+,SF,0,4.234415363e-05
HCO3-,Lewis,NO3-,SF,0,4.69433321239e-06
HCO3-,Lewis,PBr3,SF,0,2.17937588669e-05
HCO3-,Lewis,PO4(3-),SF,0,5.25828748999e-05
HCO3-,Lewis,SF6,SF,0,2.76743626252e-05
HCO3-,Lewis,SO3,SF,0,8.74160958443e-06
HCO3-,Lewis,SO3(2-),SF,0,3.59338514563e-05
HCO3-,Lewis,SO4(2-),SF,0,5.74167693352e-05
HI,Lewis,CaO,SF,0,0.00279201213023
HI,Lewis,Cl2,SF,0,0.00256450255954
HI,Lewis,CuO,SF,0,0.00290690184373
HI,Lewis,F2,SF,0,0.00248121624683
HI,Lewis,HI,SF,1,0.0348197887944
HI,Lewis,I2,SF,0,0.00245048586609
HI,Lewis,KBr,SF,0,0.0025603120508
HI,Lewis,Li2,SF,0,0.00251037518731
HI,Lewis,LiH,SF,0,0.00251613713214
HI,Lewis,MgO,SF,0,0.00278398032494
HI,Lewis,NaBr,SF,0,0.00268096371329
HI,Lewis,NaF,SF,0,0.00265739211362
HI,Lewis,O2,SF,0,0.00282885366381
HI,Lewis,OH-,SF,0,0.00330281738819
HNO3,Lewis,BCl3,SF,0,0.000936540881439
HNO3,Lewis,BrF5,SF,0,0.000524473683346
HNO3,Lewis,C2H3Cl,SF,0,0.00130464345559
HNO3,Lewis,C2H3OH,SF,0,0.00131165622006
HNO3,Lewis,C2HF,SF,0,0.000894329447002
HNO3,Lewis,C3H3+,SF,0,0.000878281010802
HNO3,Lewis,C3H3F,SF,0,0.000885698356725
HNO3,Lewis,CH3-,SF,0,0.000998644283912
HNO3,Lewis,CH3Br,SF,0,0.0012838748928
HNO3,Lewis,CH3Cl,SF,0,0.00128953904599
HNO3,Lewis,CH3F,SF,0,0.00135885750205
HNO3,Lewis,CH3NH2,SF,0,0.00106964849763
HNO3,Lewis,CH4,SF,0,0.000960950686949
HNO3,Lewis,HClO2,SF,0,0.00134409024206
HNO3,Lewis,HCO3-,SF,0,0.00130302512656
HNO3,Lewis,HNO3,SF,1,0.0258088513884
HNO3,Lewis,NF3,SF,0,0.000687115816308
HNO3,Lewis,NH3,SF,0,0.000602692950652
HNO3,Lewis,NH4+,SF,0,0.000951375570066
HNO3,Lewis,NO3-,SF,0,0.000955691115205
HNO3,Lewis,PBr3,SF,0,0.000514493981793
HNO3,Lewis,PO4(3-),SF,0,0.00116904091562
HNO3,Lewis,SF6,SF,0,0.000639509952861
HNO3,Lewis,SO3,SF,0,0.0010417323131
HNO3,Lewis,SO3(2-),SF,0,0.000815098724458
HNO3,Lewis,SO4(2-),SF,0,0.00127180484892
I2,Lewis,CaO,SF,0,0.000176201626445
I2,Lewis,Cl2,SF,0,0.000267992577657
I2,Lewis,CuO,SF,0,0.000189151550378
I2,Lewis,F2,SF,0,0.0002586048663
I2,Lewis,HI,SF,0,0.000276209284535
I2,Lewis,I2,SF,1,0.00376518045139
I2,Lewis,KBr,SF,0,0.000150085290068
I2,Lewis,Li2,SF,0,0.000261891549239
I2,Lewis,LiH,SF,0,0.000145106064174
I2,Lewis,MgO,SF,0,0.000175296312432
I2,Lewis,NaBr,SF,0,0.000163684678595
I2,Lewis,NaF,SF,0,0.000161027779092
I2,Lewis,O2,SF,0,0.000297789211209
I2,Lewis,OH-,SF,0,0.000233777618532
KBr,Lewis,CaO,SF,0,0.000679770927989
KBr,Lewis,Cl2,SF,0,0.000361941186951
KBr,Lewis,CuO,SF,0,0.000708537360958
KBr,Lewis,F2,SF,0,0.000341087708785
KBr,Lewis,HI,SF,0,0.000641058653123
KBr,Lewis,I2,SF,0,0.000333393343374
KBr,Lewis,KBr,SF,1,0.00841881554582
KBr,Lewis,Li2,SF,0,0.000348388612246
KBr,Lewis,LiH,SF,0,0.000610696513933
KBr,Lewis,MgO,SF,0,0.000677759900357
KBr,Lewis,NaBr,SF,0,0.000651966290435
KBr,Lewis,NaF,SF,0,0.000646064362219
KBr,Lewis,O2,SF,0,0.000428130213716
KBr,Lewis,OH-,SF,0,0.000546802680489
Li2,Lewis,CaO,SF,0,0.000304801781919
Li2,Lewis,Cl2,SF,0,0.000457727288987
Li2,Lewis,CuO,SF,0,0.000326376607429
Li2,Lewis,F2,SF,0,0.000442087180363
Li2,Lewis,HI,SF,0,0.000471416482975
Li2,Lewis,I2,SF,0,0.000436316406305
Li2,Lewis,KBr,SF,0,0.000261291459184
Li2,Lewis,Li2,SF,1,0.00629535664485
Li2,Lewis,LiH,SF,0,0.000252995971378
Li2,Lewis,MgO,SF,0,0.000303293511978
Li2,Lewis,NaBr,SF,0,0.000283948303754
Li2,Lewis,NaF,SF,0,0.000279521858375
Li2,Lewis,O2,SF,0,0.000507369059844
Li2,Lewis,OH-,SF,0,0.000400724502717
LiH,Lewis,CaO,SF,0,0.000520822428543
LiH,Lewis,Cl2,SF,0,0.000273281956345
LiH,Lewis,CuO,SF,0,0.000543227054221
LiH,Lewis,F2,SF,0,0.000257040305082
LiH,Lewis,HI,SF,0,0.000490671522157
LiH,Lewis,I2,SF,0,0.000251047578988
LiH,Lewis,KBr,SF,0,0.000475638631044
LiH,Lewis,Li2,SF,0,0.000262726585662
LiH,Lewis,LiH,SF,1,0.00653973301855
LiH,Lewis,MgO,SF,0,0.000519256147407
LiH,Lewis,NaBr,SF,0,0.000499166893525
LiH,Lewis,NaF,SF,0,0.000494570199434
LiH,Lewis,O2,SF,0,0.000324833026081
LiH,Lewis,OH-,SF,0,0.000417260620394
MgO,Lewis,CaO,SF,0,0.00155966008544
MgO,Lewis,Cl2,SF,0,0.000885938824932
MgO,Lewis,CuO,SF,0,0.0016206378826
MgO,Lewis,F2,SF,0,0.000841734555219
MgO,Lewis,HI,SF,0,0.00147759953775
MgO,Lewis,I2,SF,0,0.000825424383784
MgO,Lewis,KBr,SF,0,0.00143668510347
MgO,Lewis,Li2,SF,0,0.000857210683621
MgO,Lewis,LiH,SF,0,0.00141323923396
MgO,Lewis,MgO,SF,1,0.0180832525991
MgO,Lewis,NaBr,SF,0,0.00150072105915
MgO,Lewis,NaF,SF,0,0.00148821041586
MgO,Lewis,O2,SF,0,0.00102624336156
MgO,Lewis,OH-,SF,0,0.00127779994541
NaBr,Lewis,CaO,SF,0,0.00113882290311
NaBr,Lewis,Cl2,SF,0,0.000629017329051
NaBr,Lewis,CuO,SF,0,0.00118496486508
NaBr,Lewis,F2,SF,0,0.000595567912588
NaBr,Lewis,HI,SF,0,0.00107672760208
NaBr,Lewis,I2,SF,0,0.000583225990722
NaBr,Lewis,KBr,SF,0,0.00104576760747
NaBr,Lewis,Li2,SF,0,0.000607278714905
NaBr,Lewis,LiH,SF,0,0.00102802609385
NaBr,Lewis,MgO,SF,0,0.0011355971726
NaBr,Lewis,NaBr,SF,1,0.0136008689014
NaBr,Lewis,NaF,SF,0,0.00108475686448
NaBr,Lewis,O2,SF,0,0.000735185918237
NaBr,Lewis,OH-,SF,0,0.000925539044573
NaF,Lewis,CaO,SF,0,0.00104626994383
NaF,Lewis,Cl2,SF,0,0.00057397050348
NaF,Lewis,CuO,SF,0,0.00108901726555
NaF,Lewis,F2,SF,0,0.000542981943269
NaF,Lewis,HI,SF,0,0.000988742961952
NaF,Lewis,I2,SF,0,0.000531548008655
NaF,Lewis,KBr,SF,0,0.000960060678123
NaF,Lewis,Li2,SF,0,0.000553831187922
NaF,Lewis,LiH,SF,0,0.000943624398471
NaF,Lewis,MgO,SF,0,0.00104328152865
NaF,Lewis,NaBr,SF,0,0.00100495186355
NaF,Lewis,NaF,SF,1,0.0125827193219
NaF,Lewis,O2,SF,0,0.000672328322974
NaF,Lewis,OH-,SF,0,0.000848677268352
NF3,Lewis,BCl3,SF,0,0.000476663213594
NF3,Lewis,C2HF,SF,0,0.000457931816233
NF3,Lewis,CaCl2,SF,0,0.000191981869308
NF3,Lewis,CH3-,SF,0,0.000861315167006
NF3,Lewis,CH3Br,SF,0,0.0002736998377
NF3,Lewis,CH3Cl,SF,0,0.000276213315712
NF3,Lewis,CH3F,SF,0,0.000306973503355
NF3,Lewis,CH4,SF,0,0.00048749510802
NF3,Lewis,HClO2,SF,0,0.000657513965584
NF3,Lewis,HCO3-,SF,0,0.000282197787849
NF3,Lewis,HNO3,SF,0,0.000483455589684
NF3,Lewis,NF3,SF,1,0.0113963198604
NF3,Lewis,NH2-,SF,0,0.000679656512492
NF3,Lewis,NH3,SF,0,0.000685611061626
NF3,Lewis,NH4+,SF,0,0.000483246132945
NF3,Lewis,NO3-,SF,0,0.000485161165172
NF3,Lewis,O3,SF,0,0.000111730096661
NF3,Lewis,OCN-,SF,0,9.37168356703e-05
NF3,Lewis,PBr3,SF,0,0.000646472614419
NF3,Lewis,PO4(3-),SF,0,0.000579835515527
NF3,Lewis,SO2,SF,0,0.00037591462352
NF3,Lewis,SO3,SF,0,0.000523342097694
NF3,Lewis,SO3(2-),SF,0,0.000779866499931
NF3,Lewis,SO4(2-),SF,0,0.000625437194356
NH2-,Lewis,BCl3,SF,0,0.00192992183015
NH2-,Lewis,C2HF,SF,0,0.000576207304371
NH2-,Lewis,CaCl2,SF,0,0.00123476125508
NH2-,Lewis,CH3-,SF,0,0.00156122514525
NH2-,Lewis,HClO2,SF,0,0.00149955649461
NH2-,Lewis,NF3,SF,0,0.00122365505171
NH2-,Lewis,NH2-,SF,1,0.028052512118
NH2-,Lewis,NH3,SF,0,0.00113217501819
NH2-,Lewis,NO3-,SF,0,0.00151468138862
NH2-,Lewis,O3,SF,0,0.00147478673959
NH2-,Lewis,OCN-,SF,0,0.00143080033472
NH2-,Lewis,PBr3,SF,0,0.00103660322536
NH2-,Lewis,SO2,SF,0,0.00211989634123
NH2-,Lewis,SO3,SF,0,0.00160791503228
NH2-,Lewis,SO3(2-),SF,0,0.0013623364426
NH3,Lewis,BCl3,SF,0,0.000263632434481
NH3,Lewis,C2HF,SF,0,0.000252388811543
NH3,Lewis,CaCl2,SF,0,9.27509123674e-05
NH3,Lewis,CH3-,SF,0,0.000494521857346
NH3,Lewis,CH3Br,SF,0,0.000141802566447
NH3,Lewis,CH3Cl,SF,0,0.000143311295266
NH3,Lewis,CH3F,SF,0,0.000161775264861
NH3,Lewis,CH4,SF,0,0.000270134337903
NH3,Lewis,HClO2,SF,0,0.000372189079991
NH3,Lewis,HCO3-,SF,0,0.00014690350715
NH3,Lewis,HNO3,SF,0,0.000267709595097
NH3,Lewis,NF3,SF,0,0.000411541761129
NH3,Lewis,NH2-,SF,0,0.000385480263959
NH3,Lewis,NH3,SF,1,0.00679572836017
NH3,Lewis,NH4+,SF,0,0.000267583867552
NH3,Lewis,NO3-,SF,0,0.000268733375183
NH3,Lewis,O3,SF,0,4.45793502421e-05
NH3,Lewis,OCN-,SF,0,3.37667925594e-05
NH3,Lewis,PBr3,SF,0,0.000365561448167
NH3,Lewis,PO4(3-),SF,0,0.000325562168719
NH3,Lewis,SO2,SF,0,0.000203157546441
NH3,Lewis,SO3,SF,0,0.000291651688027
NH3,Lewis,SO3(2-),SF,0,0.000445631852844
NH3,Lewis,SO4(2-),SF,0,0.000352934823955
NH4+,Lewis,BCl3,SF,0,8.19698818068e-05
NH4+,Lewis,BrF5,SF,0,0.000142274445678
NH4+,Lewis,C2H3Cl,SF,0,1.49130299124e-05
NH4+,Lewis,C2H3OH,SF,0,0.000139581815366
NH4+,Lewis,C2HF,SF,0,1.36909899524e-05
NH4+,Lewis,C3H3+,SF,0,7.30220642548e-05
NH4+,Lewis,C3H3F,SF,0,7.41612537548e-05
NH4+,Lewis,CH3-,SF,0,0.000215099740523
NH4+,Lewis,CH3Br,SF,0,0.000135315031752
NH4+,Lewis,CH3Cl,SF,0,0.000136184958369
NH4+,Lewis,CH3F,SF,0,0.000146831204667
NH4+,Lewis,CH3NH2,SF,0,0.000102413160277
NH4+,Lewis,CH4,SF,0,0.000209310585081
NH4+,Lewis,HClO2,SF,0,0.000144563181171
NH4+,Lewis,HCO3-,SF,0,0.000138256212455
NH4+,Lewis,HNO3,SF,0,0.000207912488696
NH4+,Lewis,NF3,SF,0,0.000167253770151
NH4+,Lewis,NH3,SF,0,0.000154287719376
NH4+,Lewis,NH4+,SF,1,0.00390190087176
NH4+,Lewis,NO3-,SF,0,8.49110625098e-05
NH4+,Lewis,PBr3,SF,0,0.000140741717358
NH4+,Lewis,PO4(3-),SF,0,0.000241270036466
NH4+,Lewis,SF6,SF,0,0.000159942243376
NH4+,Lewis,SO3,SF,0,9.81256641707e-05
NH4+,Lewis,SO3(2-),SF,0,0.000186909971969
NH4+,Lewis,SO4(2-),SF,0,0.000257052992501
NO3-,Lewis,BCl3,SF,0,0.000218400027746
NO3-,Lewis,C2HF,SF,0,0.000146089909805
NO3-,Lewis,CaCl2,SF,0,4.86088947759e-05
NO3-,Lewis,CH3-,SF,0,0.000228501289582
NO3-,Lewis,CH3Br,SF,0,1.31173821614e-05
NO3-,Lewis,CH3Cl,SF,0,1.40386697597e-05
NO3-,Lewis,CH3F,SF,0,2.53134767246e-05
NO3-,Lewis,CH4,SF,0,9.148167717e-05
NO3-,Lewis,HClO2,SF,0,0.000153800210645
NO3-,Lewis,HCO3-,SF,0,1.62322124332e-05
NO3-,Lewis,HNO3,SF,0,9.00010358261e-05
NO3-,Lewis,NF3,SF,0,0.000177830465395
NO3-,Lewis,NH2-,SF,0,0.0001619163166
NO3-,Lewis,NH3,SF,0,0.000164098890803
NO3-,Lewis,NH4+,SF,0,8.99242617724e-05
NO3-,Lewis,NO3-,SF,1,0.00413367527023
NO3-,Lewis,O3,SF,0,8.46378252433e-05
NO3-,Lewis,OCN-,SF,0,1.25909322549e-05
NO3-,Lewis,PBr3,SF,0,0.000149753125352
NO3-,Lewis,PO4(3-),SF,0,0.00012532803291
NO3-,Lewis,SO2,SF,0,0.00018147174505
NO3-,Lewis,SO3,SF,0,0.00023550965704
NO3-,Lewis,SO3(2-),SF,0,0.00019864718045
NO3-,Lewis,SO4(2-),SF,0,0.000142042824512
O2,Lewis,CaO,SF,0,0.00113971866266
O2,Lewis,Cl2,SF,0,0.00161774454839
O2,Lewis,CuO,SF,0,0.00120715884905
O2,Lewis,F2,SF,0,0.00156885553752
O2,Lewis,HI,SF,0,0.00166053524324
O2,Lewis,I2,SF,0,0.0015508168242
O2,Lewis,KBr,SF,0,0.00100371086817
O2,Lewis,Li2,SF,0,0.00158597181643
O2,Lewis,LiH,SF,0,0.00097778021992
O2,Lewis,MgO,SF,0,0.00113500399823
O2,Lewis,NaBr,SF,0,0.00107453331483
O2,Lewis,NaF,SF,0,0.0010606968013
O2,Lewis,O2,SF,1,0.0200523857649
O2,Lewis,OH-,SF,0,0.00143956101369
O3,Lewis,BCl3,SF,0,4.27498634913e-05
O3,Lewis,C2HF,SF,0,4.8311428327e-06
O3,Lewis,CaCl2,SF,0,9.09865249965e-05
O3,Lewis,CH3-,SF,0,8.23652354333e-05
O3,Lewis,HClO2,SF,0,0.000111829455723
O3,Lewis,NF3,SF,0,5.57939493044e-05
O3,Lewis,NH2-,SF,0,0.000116085462504
O3,Lewis,NH3,SF,0,4.85932458296e-05
O3,Lewis,NO3-,SF,0,1.00648810387e-05
O3,Lewis,O3,SF,1,0.00212706012859
O3,Lewis,OCN-,SF,0,7.20990565706e-05
O3,Lewis,PBr3,SF,0,4.10704661111e-05
O3,Lewis,SO2,SF,0,5.77034011052e-05
O3,Lewis,SO3,SF,0,1.74036171109e-05
O3,Lewis,SO3(2-),SF,0,6.67100318641e-05
OH-,Lewis,CaO,SF,0,0.00100060158049
OH-,Lewis,Cl2,SF,0,0.000880448244077
OH-,Lewis,CuO,SF,0,0.00106127763185
OH-,Lewis,F2,SF,0,0.000836462717142
OH-,Lewis,HI,SF,0,0.00146918115131
OH-,Lewis,I2,SF,0,0.000820233255834
OH-,Lewis,KBr,SF,0,0.000878235134516
OH-,Lewis,Li2,SF,0,0.00085186226044
OH-,Lewis,LiH,SF,0,0.000854905285811
OH-,Lewis,MgO,SF,0,0.000996359788818
OH-,Lewis,NaBr,SF,0,0.000941954211246
OH-,Lewis,NaF,SF,0,0.000929505476295
OH-,Lewis,O2,SF,0,0.00102005849022
OH-,Lewis,OH-,SF,1,0.0177164383323
PBr3,Lewis,BCl3,SF,0,7.30636801271e-05
PBr3,Lewis,C2HF,SF,0,6.9642748042e-05
PBr3,Lewis,CaCl2,SF,0,2.107206808e-05
PBr3,Lewis,CH3-,SF,0,0.000143313015169
PBr3,Lewis,CH3Br,SF,0,3.59962947467e-05
PBr3,Lewis,CH3Cl,SF,0,3.64553335152e-05
PBr3,Lewis,CH3F,SF,0,4.20730944768e-05
PBr3,Lewis,CH4,SF,0,7.5041919089e-05
PBr3,Lewis,HClO2,SF,0,0.000106092616953
PBr3,Lewis,HCO3-,SF,0,3.7548283349e-05
PBr3,Lewis,HNO3,SF,0,7.43041779316e-05
PBr3,Lewis,NF3,SF,0,0.000118065879773
PBr3,Lewis,NH2-,SF,0,0.000110136530373
PBr3,Lewis,NH3,SF,0,0.00011122401508
PBr3,Lewis,NH4+,SF,0,7.42659246574e-05
PBr3,Lewis,NO3-,SF,0,7.46156687294e-05
PBr3,Lewis,O3,SF,0,6.41561407161e-06
PBr3,Lewis,OCN-,SF,0,3.12583588305e-06
PBr3,Lewis,PBr3,SF,1,0.00205334072061
PBr3,Lewis,PO4(3-),SF,0,9.19061311826e-05
PBr3,Lewis,SO2,SF,0,5.46638737661e-05
PBr3,Lewis,SO3,SF,0,8.15886870572e-05
PBr3,Lewis,SO3(2-),SF,0,0.000128437971246
PBr3,Lewis,SO4(2-),SF,0,0.000100234407137
PO4(3-),Lewis,BCl3,SF,0,0.000459044714316
PO4(3-),Lewis,BrF5,SF,0,0.000698927811438
PO4(3-),Lewis,C2H3Cl,SF,0,0.00019230195832
PO4(3-),Lewis,C2H3OH,SF,0,0.000688216905623
PO4(3-),Lewis,C2HF,SF,0,0.000187440854715
PO4(3-),Lewis,C3H3+,SF,0,0.000423451548803
PO4(3-),Lewis,C3H3F,SF,0,0.000427983086862
PO4(3-),Lewis,CH3-,SF,0,0.000988616624632
PO4(3-),Lewis,CH3Br,SF,0,0.000671244240665
PO4(3-),Lewis,CH3Cl,SF,0,0.000674704686766
PO4(3-),Lewis,CH3F,SF,0,0.000717053961707
PO4(3-),Lewis,CH3NH2,SF,0,0.000540365207518
PO4(3-),Lewis,CH4,SF,0,0.000965588176048
PO4(3-),Lewis,HClO2,SF,0,0.000708032082266
PO4(3-),Lewis,HCO3-,SF,0,0.000682943845085
PO4(3-),Lewis,HNO3,SF,0,0.000960026744674
PO4(3-),Lewis,NF3,SF,0,0.000798292063522
PO4(3-),Lewis,NH3,SF,0,0.000746714931657
PO4(3-),Lewis,NH4+,SF,0,0.000959738373838
PO4(3-),Lewis,NO3-,SF,0,0.000470744318736
PO4(3-),Lewis,PBr3,SF,0,0.000692830835068
PO4(3-),Lewis,PO4(3-),SF,1,0.0157871745727
PO4(3-),Lewis,SF6,SF,0,0.000769207833279
PO4(3-),Lewis,SO3,SF,0,0.000523310149207
PO4(3-),Lewis,SO3(2-),SF,0,0.00087648167617
PO4(3-),Lewis,SO4(2-),SF,0,0.00115550077826
SF6,Lewis,BrF5,SF,0,0.000211215737299
SF6,Lewis,C2H3Cl,SF,0,0.000202779160408
SF6,Lewis,C2H3OH,SF,0,0.00020518961079
SF6,Lewis,C2H6,SF,0,0.000214831413426
SF6,Lewis,C3H3+,SF,0,0.000332827608115
SF6,Lewis,C3H3F,SF,0,0.000197077517966
SF6,Lewis,C3H3OH,SF,0,0.000116118824009
SF6,Lewis,C3H5Cl,SF,0,6.48040387108e-05
SF6,Lewis,C3H5F,SF,0,6.45259093525e-05
SF6,Lewis,C3H6,SF,0,0.000200276000608
SF6,Lewis,C4H3Cl,SF,0,0.000196845743316
SF6,Lewis,C4H5Cl,SF,0,5.9797718005e-05
SF6,Lewis,C4H5F,SF,0,5.94268792293e-05
SF6,Lewis,C4H6,SF,0,0.000194528002351
SF6,Lewis,CH3Br,SF,0,5.7340912914e-05
SF6,Lewis,CH3Cl,SF,0,5.92878151033e-05
SF6,Lewis,CH3COOH,SF,0,0.000222503135965
SF6,Lewis,CH3F,SF,0,8.3114192888e-05
SF6,Lewis,CH3NH2,SF,0,0.000260305492156
SF6,Lewis,CH4,SF,0,0.000222943507357
SF6,Lewis,H3COCH3,SF,0,8.55246432704e-05
SF6,Lewis,HCO3-,SF,0,6.39232970335e-05
SF6,Lewis,HNO3,SF,0,0.000219814557331
SF6,Lewis,NH4+,SF,0,0.000219652315297
SF6,Lewis,PO4(3-),SF,0,0.000294468994313
SF6,Lewis,SF6,SF,1,0.00865639150994
SF6,Lewis,SO4(2-),SF,0,0.000329791367506
SO2,Lewis,BCl3,SF,0,0.000735651147888
SO2,Lewis,C2HF,SF,0,0.000122514757029
SO2,Lewis,CaCl2,SF,0,0.000420792853952
SO2,Lewis,CH3-,SF,0,0.000568657774917
SO2,Lewis,HClO2,SF,0,0.000540726262651
SO2,Lewis,NF3,SF,0,0.000415762533803
SO2,Lewis,NH2-,SF,0,0.00076268911632
SO2,Lewis,NH3,SF,0,0.00037432858557
SO2,Lewis,NO3-,SF,0,0.000547576763809
SO2,Lewis,O3,SF,0,0.00052950732707
SO2,Lewis,OCN-,SF,0,0.000509584612824
SO2,Lewis,PBr3,SF,0,0.000331041361409
SO2,Lewis,SO2,SF,1,0.0126263334299
SO2,Lewis,SO3,SF,0,0.000589804974282
SO2,Lewis,SO3(2-),SF,0,0.00047857534109
SO3,Lewis,BCl3,SF,0,0.000490701272957
SO3,Lewis,C2HF,SF,0,0.000338018583793
SO3,Lewis,CaCl2,SF,0,0.000132187590387
SO3,Lewis,CH3-,SF,0,0.00051203006862
SO3,Lewis,CH3Br,SF,0,5.72473233338e-05
SO3,Lewis,CH3Cl,SF,0,5.9192621598e-05
SO3,Lewis,CH3F,SF,0,8.29993557563e-05
SO3,Lewis,CH4,SF,0,0.000222713395721
SO3,Lewis,HClO2,SF,0,0.000354298870585
SO3,Lewis,HCO3-,SF,0,6.38242820261e-05
SO3,Lewis,HNO3,SF,0,0.000219587025209
SO3,Lewis,NF3,SF,0,0.000405038711625
SO3,Lewis,NH2-,SF,0,0.000371436014169
SO3,Lewis,NH3,SF,0,0.000376044516903
SO3,Lewis,NH4+,SF,0,0.000219424916928
SO3,Lewis,NO3-,SF,0,0.000497278230543
SO3,Lewis,O3,SF,0,0.000208262614301
SO3,Lewis,OCN-,SF,0,5.61357252732e-05
SO3,Lewis,PBr3,SF,0,0.000345753457039
SO3,Lewis,PO4(3-),SF,0,0.000294179916901
SO3,Lewis,SO2,SF,0,0.000412727268378
SO3,Lewis,SO3,SF,1,0.00878734811906
SO3,Lewis,SO3(2-),SF,0,0.000448993169198
SO3,Lewis,SO4(2-),SF,0,0.000329473170248
SO3(2-),Lewis,BCl3,SF,0,0.00114347797022
SO3(2-),Lewis,C2HF,SF,0,0.000826648792625
SO3(2-),Lewis,CaCl2,SF,0,0.000399532500848
SO3(2-),Lewis,CH3-,SF,0,0.00118773698332
SO3(2-),Lewis,CH3Br,SF,0,0.000244025263521
SO3(2-),Lewis,CH3Cl,SF,0,0.000248061915629
SO3(2-),Lewis,CH3F,SF,0,0.000297462855553
SO3(2-),Lewis,CH4,SF,0,0.000587381013748
SO3(2-),Lewis,HClO2,SF,0,0.000860431730976
SO3(2-),Lewis,HCO3-,SF,0,0.000257672993167
SO3(2-),Lewis,HNO3,SF,0,0.000580893536982
SO3(2-),Lewis,NF3,SF,0,0.000965721087591
SO3(2-),Lewis,NH2-,SF,0,0.000895992717869
SO3(2-),Lewis,NH3,SF,0,0.000905555741282
SO3(2-),Lewis,NH4+,SF,0,0.000580557148925
SO3(2-),Lewis,NO3-,SF,0,0.00115712569987
SO3(2-),Lewis,O3,SF,0,0.000557394452286
SO3(2-),Lewis,OCN-,SF,0,0.000241718603536
SO3(2-),Lewis,PBr3,SF,0,0.000842699292803
SO3(2-),Lewis,PO4(3-),SF,0,0.000735679941773
SO3(2-),Lewis,SO2,SF,0,0.000981675477222
SO3(2-),Lewis,SO3,SF,0,0.00121844437502
SO3(2-),Lewis,SO3(2-),SF,1,0.0181981905586
SO3(2-),Lewis,SO4(2-),SF,0,0.000808916354452
SO4(2-),Lewis,BCl3,SF,0,0.000706257643192
SO4(2-),Lewis,BrF5,SF,0,0.00103092317341
SO4(2-),Lewis,C2H3Cl,SF,0,0.000345239388898
SO4(2-),Lewis,C2H3OH,SF,0,0.00101642668771
SO4(2-),Lewis,C2HF,SF,0,0.000338660214352
SO4(2-),Lewis,C3H3+,SF,0,0.00065808470663
SO4(2-),Lewis,C3H3F,SF,0,0.000664217833864
SO4(2-),Lewis,CH3-,SF,0,0.00142299736226
SO4(2-),Lewis,CH3Br,SF,0,0.000993455332379
SO4(2-),Lewis,CH3Cl,SF,0,0.000998138814503
SO4(2-),Lewis,CH3F,SF,0,0.00105545568767
SO4(2-),Lewis,CH3NH2,SF,0,0.000816319426541
SO4(2-),Lewis,CH4,SF,0,0.0013918299192
SO4(2-),Lewis,HClO2,SF,0,0.00104324518745
SO4(2-),Lewis,HCO3-,SF,0,0.00100928995735
SO4(2-),Lewis,HNO3,SF,0,0.00138430289578
SO4(2-),Lewis,NF3,SF,0,0.00116540595985
SO4(2-),Lewis,NH3,SF,0,0.00109559980457
SO4(2-),Lewis,NH4+,SF,0,0.00138391260538
SO4(2-),Lewis,NO3-,SF,0,0.000722092268163
SO4(2-),Lewis,PBr3,SF,0,0.00102267132876
SO4(2-),Lewis,PO4(3-),SF,0,0.00156389205518
SO4(2-),Lewis,SF6,SF,0,0.00112604242374
SO4(2-),Lewis,SO3,SF,0,0.000793236560052
SO4(2-),Lewis,SO3(2-),SF,0,0.00127123030573
SO4(2-),Lewis,SO4(2-),SF,1,0.0215368151296
